{
	"credit": "Made with Blockbench",
	"parent": "block/block",
	"texture_size": [64, 64],
	"textures": {
		"particle": "#chest"
	},
	"elements": [
		{
			"name": "trunk",
			"from": [1, 0, 1],
			"to": [16, 10, 15],
			"rotation": {"angle": 0, "axis": "y", "origin": [9, 8, 9]},
			"faces": {
				"north": {"uv": [10.75, 8.25, 14.5, 10.75], "rotation": 180, "texture": "#chest"},
				"south": {"uv": [3.5, 8.25, 7.25, 10.75], "rotation": 180, "texture": "#chest"},
				"west": {"uv": [7.25, 8.25, 10.75, 10.75], "rotation": 180, "texture": "#chest"},
				"down": {"uv": [7.25, 4.75, 3.5, 8.25], "texture": "#chest", "cullface": "down"}
			}
		},
		{
			"name": "lid",
			"from": [1, 10, 1],
			"to": [16, 14, 15],
			"rotation": {"angle": 0, "axis": "y", "origin": [9, 17, 9]},
			"faces": {
				"north": {"uv": [10.75, 3.75, 14.5, 4.75], "rotation": 180, "texture": "#chest"},
				"south": {"uv": [3.5, 3.75, 7.25, 4.75], "rotation": 180, "texture": "#chest"},
				"west": {"uv": [7.25, 3.75, 10.75, 4.75], "rotation": 180, "texture": "#chest"},
				"up": {"uv": [11, 0, 7.25, 3.5], "texture": "#chest"}
			}
		},
		{
			"from": [15, 7, 0],
			"to": [16, 11, 1],
			"rotation": {"angle": 0, "axis": "y", "origin": [23, 15, 8]},
			"faces": {
				"north": {"uv": [0.75, 0.25, 1, 1.25], "rotation": 180, "texture": "#chest"},
				"west": {"uv": [0.5, 0.25, 0.75, 1.25], "rotation": 180, "texture": "#chest"},
				"up": {"uv": [0.5, 0, 0.75, 0.25], "texture": "#chest"},
				"down": {"uv": [0.25, 0, 0.5, 0.25], "texture": "#chest"}
			}
		}
	]
}