{
	"credit": "Made with Blockbench",
	"ambientocclusion": false,
	"texture_size": [64, 64],
	"textures": {
		"particle": "#bed"
	},
	"elements": [
		{
			"from": [0, 0, 13],
			"to": [3, 3, 16],
			"rotation": {"angle": 0, "axis": "y", "origin": [1.5, 0, 14.5]},
			"faces": {
				"north": {"uv": [14.75, 0.75, 15.5, 1.5], "texture": "#bed"},
				"east": {"uv": [14, 0.75, 14.75, 1.5], "texture": "#bed"},
				"south": {"uv": [13.25, 0.75, 14, 1.5], "texture": "#bed", "cullface": "south"},
				"west": {"uv": [12.5, 0.75, 13.25, 1.5], "texture": "#bed", "cullface": "west"},
				"down": {"uv": [14, 0, 14.75, 0.75], "texture": "#bed", "cullface": "down"}
			}
		},
		{
			"from": [13, 0, 13],
			"to": [16, 3, 16],
			"rotation": {"angle": 0, "axis": "y", "origin": [14.5, 0, 14.5]},
			"faces": {
				"north": {"uv": [14, 3.75, 14.75, 4.5], "texture": "#bed"},
				"east": {"uv": [13.25, 3.75, 14, 4.5], "texture": "#bed", "cullface": "east"},
				"south": {"uv": [12.5, 3.75, 13.25, 4.5], "texture": "#bed", "cullface": "south"},
				"west": {"uv": [14.75, 3.75, 15.5, 4.5], "texture": "#bed"},
				"down": {"uv": [14, 3, 14.75, 3.75], "rotation": 90, "texture": "#bed", "cullface": "down"}
			}
		},
		{
			"from": [0, 3, 0],
			"to": [16, 9, 16],
			"rotation": {"angle": 0, "axis": "x", "origin": [0, 3, 16]},
			"faces": {
				"east": {"uv": [5.5, 7, 7, 11], "rotation": 90, "texture": "#bed", "cullface": "east"},
				"south": {"uv": [5.5, 5.5, 9.5, 7], "rotation": 180, "texture": "#bed", "cullface": "south"},
				"west": {"uv": [0, 7, 1.5, 11], "rotation": 270, "texture": "#bed", "cullface": "west"},
				"up": {"uv": [1.5, 7, 5.5, 11], "texture": "#bed"},
				"down": {"uv": [7, 7, 11, 11], "texture": "#bed"}
			}
		}
	]
}